"ref_id","neighbours_frequences_m","neighbours_frequences_f",
"0","['1301', '536', '1356', '5448', '779', '262', '1268', '160', '149', '2266']","['549', '66', '69', '88', '1301', '2141', '53', '67', '470', '57']",
"1","['2911', '1544', '245', '1673', '142', '245', '3645', '853', '8706', '2762']","['55', '55', '63', '73', '185', '70', '2453', '118', '3476', '2762']",
"2","['3750', '3324', '2762', '5909', '1354', '10856', '10830', '631', '11328', '2911']","['2453', '2762', '6072', '117', '3476', '1034', '1308', '198', '79', '309']",
"3","['10997', '401', '845', '1569', '389', '2215', '104', '131', '1106', '111']","['8981', '114', '11695', '371', '5160', '7803', '143', '143', '871', '89']",
"4","['357', '546', '8706', '61', '55', '78', '60', '11328', '479', '170']","['2268', '76', '696', '3324', '942', '168', '203', '63', '64', '1308']",
"5","['3640', '818', '20735', '650', '1181', '2440', '1159', '2823', '40169', '371']","['1159', '1377', '13723', '424', '3640', '2268', '327', '40169', '15333', '36350']",
"6","['11328', '105', '426', '73', '60', '2627', '254', '1744', '135', '759']","['189', '59', '50', '94', '58', '51', '64', '61', '91', '135']",
"7","['6770', '464', '6814', '91', '204', '6372', '4437', '687', '1366', '504']","['4116', '2533', '3728', '211', '66', '238', '79', '863', '159', '390']",
"8","['340', '439', '3103', '5893', '28629', '3978', '89', '2268', '8706', '159']","['1395', '439', '777', '63', '144', '3310', '3978', '1479', '71', '50']",
"9","['6862', '134', '729', '3757', '267', '2911', '751', '348', '324', '14063']","['80', '91', '59', '52', '110', '64', '50', '50', '338', '63']",
"10","['2536', '15157', '4307', '2309', '660', '66', '1526', '161', '109', '105']","['868', '2536', '821', '88', '1344', '795', '987', '665', '3505', '113']",
"11","['8089', '1326', '797', '22943', '1529', '910', '2268', '5491', '1395', '1318']","['591', '13723', '777', '15333', '7159', '36350', '818', '2387', '2382', '8706']",
"12","['3045', '2761', '911', '1273', '1395', '110', '827', '111', '485', '128']","['3978', '1395', '340', '63', '2268', '36350', '28629', '67', '535', '65']",
"13","['182', '1123', '41572', '80', '144', '61', '451', '61', '404', '1622']","['11878', '2533', '115', '415', '784', '752', '64', '61', '68', '8129']",
"14","['24738', '740', '67', '405', '426', '687', '101', '90', '2101', '942']","['4614', '50', '292', '59', '81', '24738', '491', '443', '51', '94']",
"15","['580', '71', '319', '472', '631', '676', '3750', '67', '85', '16271']","['669', '2970', '1308', '16271', '2453', '636', '121', '18806', '13495', '3898']",
"16","['497', '409', '99', '294', '60', '62', '131', '72', '50723', '2297']","['110', '1144', '136', '87', '66', '85', '507', '111', '58', '1234']",
"17","['1744', '129', '55', '410', '77', '112', '1782', '152', '175', '128']","['67', '54', '107', '86', '92', '56', '51', '63', '73', '51']",
"18","['8706', '1503', '114', '553', '872', '1529', '8089', '66', '2904', '2215']","['58', '92', '167', '1756', '96', '65', '50', '682', '89', '145']",
"19","['257', '226', '1358', '1452', '84', '2395', '4437', '820', '98', '2049']","['939', '126', '2533', '66', '65', '109', '55', '2378', '400', '93']",
"20","['11328', '2193', '1118', '256', '3898', '381', '3365', '5909', '1569', '1354']","['1308', '1251', '10240', '188', '88', '113', '155', '73', '102', '8789']",
"21","['9392', '125', '57', '2048', '5978', '783', '498', '598', '1706', '61']","['12774', '357', '871', '1697', '219', '89', '9392', '63', '103', '1601']",
"22","['60', '258', '191', '137', '391', '93', '77', '288', '73', '79']","['105', '199', '58', '85', '124', '149', '77', '73', '124', '57']",
"23","['187', '77', '58', '10730', '59', '265', '233', '1331', '53', '60']","['87', '79', '50', '112', '71', '145', '51', '52', '92', '177']",
"24","['78', '472', '14634', '149', '736', '88', '541', '906', '74', '735']","['1990', '13723', '36350', '591', '2382', '7108', '325', '15333', '2268', '2387']",
"25","['6405', '89', '357', '79', '80', '128', '212', '1135', '262', '156']","['57', '52', '538', '735', '905', '82', '63', '108', '68', '200']",
"26","['144', '53', '57295', '60', '99', '815', '134', '50', '116', '1642']","['248', '50', '118', '127', '61', '57', '52', '160', '145', '146']",
"27","['11446', '103', '68', '2861', '374', '60', '1273', '1721', '12560', '77']","['488', '103', '146', '204', '410', '866', '50', '66', '123', '65']",
"28","['329', '17101', '22943', '591', '8089', '3640', '1318', '607', '626', '6386']","['218', '145', '13723', '15333', '818', '56', '2378', '943', '282', '252']",
"29","['78', '63', '55', '64', '52', '106', '58', '4748', '94', '54']","['71', '147', '95', '88', '136', '121', '58', '127', '83', '54']",
"30","['2589', '1581', '1970', '1296', '2349', '280', '534', '1292', '1990', '807']","['1704', '88403', '1198', '2533', '19843', '179', '54', '142', '103', '64']",
"31","['1121', '172', '543', '104', '98', '210', '128', '1824', '1768', '52']","['84', '88', '92', '65', '276', '131', '87', '60', '66', '70']",
"32","['3726', '2600', '81885', '16333', '14227', '111', '243', '750', '6383', '318']","['17704', '3431', '70', '708', '1442', '16333', '54', '5296', '551', '195']",
"33","['101', '191', '58', '97', '79', '60', '132', '75', '57', '66']","['173', '272', '63', '58', '83', '3588', '77', '52', '331', '199']",
"34","['96', '5448', '96', '2141', '2548', '109', '194', '6707', '113', '54']","['626', '206', '96', '470', '1257', '3837', '570', '169', '7936', '74']",
"35","['1544', '2911', '3476', '3750', '853', '276', '469', '289', '170', '3813']","['2453', '4958', '3324', '9874', '1152', '118', '1544', '448', '1251', '331']",
"36","['3819', '790', '1786', '72', '150', '2769', '540', '2036', '2167', '955']","['13723', '456', '591', '838', '2382', '197', '145', '8109', '1097', '78']",
"37","['1431', '785', '21847', '857', '90', '1808', '219', '138', '149', '394']","['3864', '274', '334', '90', '94', '102', '110', '90', '123', '53']",
"38","['52', '3819', '329', '60', '520', '99', '72', '465', '52', '111']","['50', '97', '78', '122', '13723', '83', '89', '51', '91', '53']",
"39","['2303', '3343', '2036', '3383', '2769', '22943', '2216', '20735', '790', '3640']","['255', '67', '13723', '1422', '58', '3819', '135', '149', '54', '2382']",
"40","['8692', '225', '2264', '222', '1603', '728', '3000', '1015', '356', '300']","['3500', '400', '264', '78', '727', '83', '52', '470', '377', '8692']",
"41","['8581', '205', '60', '70', '859', '4396', '3864', '11320', '255', '64']","['98', '394', '1756', '557', '8581', '156', '362', '2865', '72', '1221']",
"42","['65', '1071', '101', '1109', '64', '61', '94', '164', '499', '142']","['66', '180', '374', '54', '50', '126', '50', '55', '77', '994']",
"43","['766', '4483', '1235', '1216', '15842', '1857', '27947', '3354', '620', '2687']","['608', '14826', '3158', '1497', '6656', '52', '272', '14339', '1244', '1495']",
"44","['836', '2705', '397', '1324', '54', '406', '487', '51', '659', '50']","['397', '963', '2747', '1971', '9665', '4146', '1761', '589', '1480', '285']",
"45","['3354', '2171', '1489', '13230', '4269', '1832', '406', '641', '1626', '2359']","['5287', '591', '603', '15333', '394', '128', '96', '475', '58', '2268']",
"46","['3073', '790', '60', '197', '675', '2610', '1901', '136', '210', '1768']","['78', '54', '63', '59', '71', '58', '86', '63', '90', '58']",
"47","['2167', '2382', '116', '1529', '1655', '55', '325', '217', '53', '300']","['178', '96', '50', '148', '383', '5893', '63', '70', '1422', '2382']",
"48","['3485', '260509', '1124', '26096', '67', '15507', '4623', '1297', '1577', '2597']","['8308', '260509', '1124', '15507', '2231', '351', '310', '4623', '85', '3908']",
"49","['831', '1324', '3364', '708', '551', '366', '1216', '374', '287', '1831']","['1497', '240', '95', '52', '55', '1244', '7302', '194', '2453', '1034']",
"50","['1261', '2387', '1395', '3757', '1458', '61', '379', '4555', '63', '127']","['3103', '591', '2268', '777', '36350', '1261', '7159', '1217', '1395', '1097']",
"51","['2911', '3645', '1069', '1544', '908', '183', '672', '142', '198', '3933']","['3476', '55', '70', '64', '55', '190', '1152', '2453', '2212', '89']",
"52","['2008', '1466', '2892', '255', '118', '4021', '3721', '117', '73', '651']","['8981', '188', '164', '61', '421', '142', '864', '463', '66', '99']",
"53","['836', '2332', '377', '11750', '180', '1673', '7603', '870', '2440', '3997']","['192', '50', '1159', '183', '58', '36350', '460', '2440', '11750', '95']",
"54","['66', '103', '78', '59', '86', '51', '235', '90', '63', '54']","['2268', '56', '58', '59', '71', '13723', '15333', '67', '86', '56']",
"55","['1217', '66', '2133', '7159', '5893', '285', '15333', '130', '8089', '72']","['7159', '1729', '15333', '13723', '2133', '343', '385', '74', '160', '337']",
"56","['322', '711', '16720', '14227', '81', '2915', '78', '51', '27712', '1290']","['1208', '2915', '90', '8981', '552', '560', '204', '21888', '3431', '446']",
"57","['12426', '5287', '766', '2611', '400', '641', '6656', '6336', '54', '483']","['62', '65', '300', '53', '86', '71', '95', '55', '51', '78']",
"58","['3750', '2911', '2193', '11328', '3933', '55', '102', '440', '1544', '2350']","['1152', '2453', '203', '70', '71', '1251', '3476', '1308', '142', '118']",
"59","['78', '2583', '69', '381', '2426', '54', '111', '294', '61', '93']","['1877', '4476', '8718', '64', '50', '56', '21827', '32301', '3052', '69']",
"60","['8089', '8706', '22943', '412', '1529', '3640', '2167', '1318', '910', '2268']","['2268', '15333', '2382', '13723', '838', '1097', '2387', '777', '60', '1907']",
"61","['13495', '2703', '203', '3678', '63', '2237', '253', '8308', '544', '124']","['1297', '13495', '421', '1308', '2703', '1251', '97', '2453', '12021', '203']",
"62","['1526', '124', '1239', '68', '225', '139', '952', '169', '1496', '444']","['868', '52', '656', '821', '1239', '893', '73', '1344', '271', '143']",
"63","['3997', '95', '1745', '611', '194', '269', '53', '1186', '89', '187']","['205', '356', '169', '141', '2141', '142', '2826', '81', '63', '411']",
"64","['8089', '22943', '1318', '17101', '8706', '1529', '768', '131', '626', '797']","['13723', '15333', '789', '385', '393', '105', '343', '591', '2268', '58']",
"65","['1776', '81', '216', '177', '2713', '529', '708', '5154', '1193', '443']","['53', '53', '52', '58', '66', '85', '67', '68', '57', '50']",
"66","['83', '60', '199', '195', '815', '94', '261', '1857', '275', '50']","['1915', '60', '2106', '1554', '97', '75', '73', '54', '5662', '252']",
"67","['6480', '4717', '230', '860', '228', '6862', '4509', '677', '147', '7166']","['52', '54', '63', '61', '84', '51', '59', '59', '64', '110']",
"68","['4002', '2911', '1152', '3071', '3750', '1665', '2762', '3813', '3645', '12626']","['4002', '2453', '3476', '120', '1141', '3390', '1665', '2762', '190', '50']",
"69","['6195', '1254', '565', '1911', '3416', '2836', '362', '499', '1084', '815']","['2836', '1254', '1911', '947', '270', '362', '12827', '499', '108', '51']",
"70","['1901', '5260', '688', '57', '58', '244', '917', '284', '1088', '311']","['890', '1990', '1107', '1569', '79', '149', '593', '203', '193', '317']",
"71","['550', '55273', '11496', '1531', '8981', '8111', '1670', '703', '94', '7803']","['7803', '718', '11695', '349', '81', '864', '80', '5160', '164', '144']",
"72","['112671', '9960', '1644', '3872', '72', '1265', '1326', '11496', '7085', '17633']","['11695', '871', '3534', '30555', '132', '119', '55', '54', '3431', '1497']",
"73","['11320', '859', '8581', '557', '205', '138', '60', '149', '123', '70']","['52', '50', '53', '89', '785', '274', '94', '8363', '4396', '3451']",
"74","['90', '207', '522', '57', '87', '383', '253', '72', '3379', '122']","['52', '58', '59', '175', '53', '79', '95', '65', '55', '57']",
"75","['1012', '132', '1577', '1684', '299', '83', '2152', '6147', '53', '8706']","['2389', '53', '1232', '54', '50', '1145', '197', '97', '940', '942']",
"76","['3010', '2823', '1384', '811', '188', '19538', '199', '1377', '1738', '13367']","['755', '904', '1624', '1756', '36350', '203', '155', '91', '94', '460']",
"77","['6814', '24738', '464', '1500', '537', '57295', '426', '91', '51', '236']","['3728', '491', '4116', '28618', '6814', '1287', '1559', '714', '326', '564']",
"78","['144', '68', '59', '93', '135', '1324', '3364', '515', '303', '1009']","['53', '70', '58', '78', '3324', '76', '487', '86', '2037', '52']",
"79","['171', '79', '69', '900', '62', '53', '52', '67', '51', '413']","['52', '77', '55', '99', '228', '73', '2162', '573', '331', '57']",
"80","['314', '283', '56', '90', '82', '59', '1747', '831', '394', '2713']","['80', '60', '97', '87', '81', '7141', '443', '1234', '116', '54']",
"81","['1119', '5448', '470', '1058', '2603', '17704', '113', '79', '536', '66']","['206', '497', '1356', '2141', '592', '96', '68', '54', '773', '262']",
"82","['127', '8089', '110', '74', '74', '768', '393', '304', '588', '83']","['127', '79', '110', '382', '304', '393', '558', '160', '74', '337']",
"83","['651', '244', '56', '1987', '112671', '7085', '94', '352', '550', '144']","['164', '8981', '11695', '121', '7803', '5378', '117', '552', '1497', '144']",
"84","['188', '234', '83', '78', '1624', '93', '96', '2215', '95', '51']","['54', '57', '147', '127', '55', '61', '84', '50', '61', '78']",
"85","['4247', '2316', '68', '61', '6405', '7634', '78', '62', '333', '82']","['13723', '50', '226', '36350', '627', '149', '118', '138', '661', '3858']",
"86","['1118', '3235', '1106', '818', '455', '5531', '355', '85', '68', '54']","['52', '155', '57', '124', '104', '199', '59', '60', '288', '57']",
"87","['885', '235', '131', '373', '299', '61', '73', '79', '54', '82']","['66', '71', '54', '233', '67', '127', '74', '52', '52', '50']",
"88","['785', '97', '7084', '98', '634', '207', '73', '1022', '54', '449']","['1838', '3310', '665', '690', '62', '401', '60', '338', '236', '1827']",
"89","['536', '5448', '3382', '222', '1356', '1605', '2192', '2658', '570', '119']","['531', '2141', '470', '497', '182', '579', '74', '773', '151', '58']",
"90","['3640', '1377', '1159', '357', '51', '647', '55', '58', '50', '64']","['13723', '1159', '36350', '67', '818', '327', '138', '94', '15333', '96']",
"91","['683', '205', '689', '96', '51', '83', '456', '214', '789', '1461']","['689', '456', '96', '3161', '234', '287', '51', '789', '1302', '269']",
"92","['2260', '5595', '3757', '483', '486', '620', '59', '1147', '74', '530']","['1838', '3310', '334', '7108', '1383', '258', '271', '1147', '236', '1313']",
"93","['895', '50', '59', '79', '2166', '367', '1901', '53', '129', '87']","['64', '52', '58', '55', '59', '76', '338', '50', '91', '58']",
"94","['726', '1388', '426', '310', '216', '74', '55', '318', '1500', '101']","['1572', '96', '326', '92', '494', '50', '84', '88', '3728', '463']",
"95","['2096', '395', '21920', '61', '136', '51', '109', '110', '2042', '65']","['5580', '74', '2184', '81', '33782', '1409', '118', '63', '66', '174']",
"96","['1405', '10914', '295', '271', '63', '113', '5425', '9475', '9178', '61']","['10914', '78', '209', '51', '170', '168', '56', '58', '129', '133']",
"97","['84', '97', '66', '98', '60', '66', '141', '1690', '66', '61']","['62', '3020', '74', '51', '59', '65', '50', '164', '59', '51']",
"98","['11369', '1553', '599', '1015', '632', '549', '2101', '486', '3000', '1603']","['1559', '4116', '3500', '714', '326', '640', '1572', '129', '3728', '1687']",
"99","['85', '94', '1742', '1377', '981', '83', '1857', '296', '1395', '3640']","['1348', '1269', '324', '937', '69', '6149', '8974', '5662', '2938', '1938']",
"100","['117', '158', '156', '59', '79', '144', '266', '85', '66', '436']","['63', '126', '142', '193', '324', '52', '69', '50', '75', '61']",
"101","['118', '77', '124', '69', '383', '79', '117', '68', '53', '183']","['65', '57', '156', '57', '368', '95', '52', '105', '63', '63']",
"102","['316', '2260', '59', '61', '130', '79', '136', '100', '1427', '122']","['62', '665', '60', '1479', '1827', '56', '52', '331', '1024', '144']",
"103","['301', '95', '68', '928', '110', '71', '166', '105', '53', '56']","['105', '65', '64', '95', '52', '130', '76', '122', '124', '90']",
"104","['53', '79', '114', '89', '93', '93', '59', '137', '62', '97']","['72', '73', '120', '56', '128', '99', '124', '56', '331', '123']",
"105","['1822', '471', '7043', '1561', '56221', '601', '436', '53', '14307', '11328']","['775', '1635', '6455', '4216', '900', '2810', '470', '193', '75', '1288']",
"106","['4362', '69', '57', '131', '14307', '61', '7766', '80', '193', '347']","['89', '63', '59', '160', '52', '71', '106', '52', '52', '116']",
"107","['2627', '80', '620', '1768', '114', '195', '339', '448', '166', '144']","['51', '70', '1687', '122', '57', '146', '2533', '64', '3324', '115']",
"108","['5811', '5838', '3414', '421', '11092', '469', '135', '87', '51', '65']","['61', '89', '78', '303', '73', '51', '79', '94', '154', '53']",
"109","['89', '171', '383', '449', '53', '58', '98', '75', '205', '50']","['8024', '555', '346', '83', '200', '821', '593', '54', '3494', '2220']",
"110","['831', '116', '81', '79', '820', '1706', '436', '708', '87', '542']","['593', '56', '196', '58', '173', '152', '656', '123', '905', '68']",
"111","['1624', '3640', '1377', '22943', '797', '11328', '8089', '1318', '238', '296']","['13723', '811', '818', '15333', '78', '2268', '1159', '105', '64', '239']",
"112","['815', '11328', '1118', '3365', '2629', '2193', '1857', '257', '418', '657']","['63', '60', '240', '110', '59', '1497', '194', '1308', '3310', '62']",
"113","['1162', '1553', '324', '632', '2101', '486', '1015', '118', '149', '276']","['1645', '624', '19620', '682', '70', '67', '2533', '1483', '994', '245']",
"114","['1500', '6372', '687', '6814', '537', '91', '64', '4437', '931', '51']","['3728', '2533', '2705', '6372', '4116', '640', '881', '491', '1704', '467']",
"115","['4068', '1553', '222', '1148', '3000', '1015', '599', '17324', '2264', '8692']","['109', '468', '83', '112', '863', '63', '196', '1559', '61', '84']",
"116","['2061', '744', '1298', '1007', '748', '534', '5540', '2680', '315', '767']","['1093', '69', '626', '620', '262', '284', '777', '286', '605', '728']",
"117","['3187', '195', '79', '3254', '620', '1742', '2240', '60', '89', '2938']","['94', '2938', '13723', '818', '640', '78', '203', '105', '15333', '1159']",
"118","['127', '8089', '384', '50', '10856', '56', '1175', '521', '7008', '659']","['402', '15333', '50', '126', '385', '301', '95', '250', '838', '50']",
"119","['286', '110', '312', '315', '58', '222', '176', '51', '192', '368']","['38891', '121', '3589', '73', '75', '68', '615', '71', '65', '198']",
"120","['17767', '198', '178', '3231', '1449', '52', '594', '478', '1039', '72']","['432', '329', '51', '53', '149', '67', '2140', '93', '220', '429']",
"121","['3665', '490', '1573', '400', '1567', '8952', '1071', '2193', '3354', '641']","['239', '2453', '1251', '2268', '13495', '627', '421', '203', '5880', '76']",
"122","['1184', '5152', '931', '233', '42298', '145', '79', '547', '1150', '397']","['52', '212', '56', '55', '52', '36350', '80', '97', '233', '328']",
"123","['105', '3819', '125', '143', '872', '128', '218', '779', '5055', '54']","['1571', '1139', '3981', '77', '4049', '70', '122', '307', '205', '126']",
"124","['19367', '16061', '5978', '125', '2440', '57', '2687', '130', '757', '57']","['19367', '70', '357', '1026', '192', '128', '125', '130', '70', '57']",
"125","['7742', '2118', '1190', '59', '61', '916', '156', '54', '62', '174']","['76', '145', '82', '2345', '68', '7391', '4340', '56', '147', '248']",
"126","['213', '171', '93', '89', '128', '1446', '54', '909', '319', '130']","['56', '59', '99', '735', '81', '128', '585', '368', '58', '324']",
"127","['1691', '329', '123', '2263', '63', '7008', '224', '56', '61', '69']","['265', '893', '2491', '354', '131', '7627', '368', '143', '4511', '1691']",
"128","['10730', '22062', '361', '107', '2964', '651', '64', '91', '233', '418']","['634', '122', '54', '71', '51', '170', '78', '56', '85', '177']",
"129","['64', '52', '79', '66', '66', '61', '237', '70', '50', '64']","['1211', '75', '88', '124', '229', '304', '56', '78', '55', '89']",
"130","['729', '1175', '155', '87', '363', '64', '243', '144', '213', '1642']","['38228', '4580', '357', '6100', '109', '58', '80', '386', '54', '351']",
"131","['16857', '12492', '13371', '2252', '10205', '2192', '6216', '69', '3382', '2722']","['29096', '45622', '6213', '7627', '6216', '973', '630', '12492', '468', '3505']",
"132","['1711', '51', '77', '3790', '56', '1221', '59', '118', '382', '2906']","['1190', '156', '1287', '584', '14793', '159', '51', '361', '2705', '874']",
"133","['2118', '1377', '121', '485', '298', '463', '1193', '1190', '61', '89']","['818', '904', '84', '127', '55', '93', '58', '2032', '106', '1699']",
"134","['5552', '226', '4324', '4356', '2325', '3164', '121', '5154', '64', '214']","['1159', '53', '15333', '627', '60', '130', '63', '76', '50', '174']",
"135","['84', '790', '55', '2713', '113', '955', '60', '540', '675', '620']","['675', '264', '467', '147', '620', '104', '1121', '2522', '60', '50']",
"136","['283', '80', '56', '92', '66', '116', '3813', '95', '66', '137']","['781', '950', '1567', '549', '218', '333', '345', '56', '748', '1299']",
"137","['3813', '4958', '1544', '3645', '3750', '12626', '853', '2008', '446', '672']","['3476', '2453', '118', '36350', '2911', '2762', '439', '4338', '755', '190']",
"138","['2240', '1857', '252', '665', '708', '127', '73', '3364', '82', '2440']","['2106', '72', '94', '240', '94', '99', '97', '51', '103', '64']",
"139","['269', '2826', '783', '249', '100', '313', '89', '13711', '624', '64']","['2826', '141', '356', '71', '2378', '298', '205', '147', '169', '1257']",
"140","['4068', '2627', '8692', '6770', '6372', '388', '1876', '1711', '787', '1559']","['1559', '3500', '40672', '863', '107', '210', '1687', '4116', '1287', '208']",
"141","['85474', '1720', '476', '186', '90', '5131', '101', '72', '140', '52']","['75099', '1247', '7444', '462', '125', '7254', '211', '637', '53', '88']",
"142","['36838', '9283', '3941', '20814', '27548', '50723', '33640', '20918', '73570', '1870']","['5592', '20814', '332', '73570', '39707', '46283', '202', '138382', '19200', '4939']",
"143","['11328', '13495', '51', '3678', '2237', '3365', '544', '2629', '1118', '783']","['106', '156', '88', '871', '1034', '240', '323', '1622', '135', '2453']",
"144","['1889', '5923', '3898', '50', '2149', '62', '59', '61', '4362', '191']","['2149', '467', '94', '1677', '14826', '79', '50', '2152', '99', '4262']",
"145","['104', '948', '7221', '132', '2389', '271', '7168', '53', '7415', '19620']","['99', '20703', '54', '3173', '1270', '79', '66', '533', '271', '1865']",
"146","['6147', '2603', '65', '1619', '1577', '50', '17704', '56', '51', '52']","['52', '474', '524', '299', '380', '122', '940', '249', '183', '237']",
"147","['1050', '204', '162', '90582', '160', '706', '550', '2970', '1208', '41572']","['1290', '151', '121', '11695', '718', '8981', '144', '552', '96', '78']",
"148","['113', '68', '98', '98', '1005', '383', '137', '60', '60', '133']","['55', '75', '52', '58', '59', '79', '68', '84', '106', '109']",
"149","['3871', '11640', '233', '227', '1035', '173', '101', '77', '70', '136']","['113', '15767', '968', '6308', '4381', '1162', '60', '346', '59', '1344']",
"150","['3640', '1377', '357', '20735', '56221', '199', '85', '7008', '1395', '78']","['50', '91', '13723', '818', '1159', '15333', '138', '36350', '627', '203']",
"151","['476', '331', '539', '872', '401', '531', '447', '817', '52', '779']","['102', '82', '232', '57', '111', '627', '80', '98', '55', '3898']",
"152","['20735', '1624', '72', '3640', '22943', '1729', '3010', '21546', '128', '1626']","['402', '86', '91', '15333', '145', '56', '144', '1159', '59', '88']",
"153","['419', '113', '98', '206', '63', '60', '88', '67', '634', '63']","['57', '124', '52', '51', '173', '97', '593', '63', '53', '199']",
"154","['6656', '2359', '1561', '2823', '6109', '1622', '319', '2687', '87', '4269']","['52', '106', '1124', '67', '603', '1257', '58', '811', '71', '6109']",
"155","['10437', '707', '123', '839', '1673', '145', '56', '51', '51', '2440']","['11365', '91', '663', '614', '51', '555', '182', '2094', '1200', '972']",
"156","['2446', '8581', '7910', '394', '402', '2891', '242', '62', '434', '3388']","['1626', '8581', '1756', '98', '15333', '137', '362', '7910', '334', '327']",
"157","['2826', '13711', '411', '2061', '480', '269', '274', '1007', '70', '7486']","['71', '368', '356', '626', '2141', '141', '81', '54', '2826', '63']",
"158","['112671', '132', '1644', '5005', '147', '1670', '3534', '11496', '5378', '72']","['8981', '11695', '290', '7085', '15333', '871', '143', '2382', '239', '148']",
"159","['390', '363', '1318', '3640', '2440', '87', '233', '165', '403', '357']","['61', '1281', '23785', '182', '106', '389', '2767', '87', '134', '66']",
"160","['1268', '3382', '1356', '941', '5448', '260', '66', '696', '789', '198']","['470', '536', '149', '570', '728', '408', '88', '106', '1356', '52']",
"161","['63', '89', '205', '83', '71', '117', '94', '61', '159', '521']","['13723', '402', '314', '615', '838', '789', '101', '6075', '33782', '53']",
"162","['8581', '62', '1243', '551', '73', '1386', '1756', '1112', '1626', '557']","['210', '1756', '1217', '64', '76', '1363', '394', '132', '96', '63']",
"163","['194', '118', '63', '79', '62', '2013', '76', '65', '136', '82']","['96', '175', '120', '285', '825', '55', '83', '80', '60', '120']",
"164","['100', '241', '1006', '2826', '141', '419', '57', '411', '269', '4249']","['555', '356', '142', '2826', '71', '110', '205', '1257', '76', '2141']",
"165","['461', '711', '1579', '1012', '69', '261', '17704', '11328', '1216', '82']","['1497', '171', '55', '3726', '240', '2453', '195', '1857', '88', '59']",
"166","['2912', '784', '1741', '1060', '98', '1706', '2186', '747', '6720', '1824']","['78', '54', '63', '59', '71', '58', '86', '63', '90', '58']",
"167","['931', '632', '464', '392', '6814', '687', '712', '599', '1015', '486']","['3728', '2705', '1190', '1287', '28618', '1687', '863', '3500', '1559', '640']",
"168","['2912', '1121', '1693', '784', '1671', '628', '98', '1901', '449', '543']","['1439', '53', '660', '103', '53', '187', '96', '60', '66', '326']",
"169","['6405', '952', '1037', '84', '111', '11456', '896', '557', '82', '768']","['13723', '3273', '318', '15333', '661', '147', '2382', '496', '4055', '924']",
"170","['1062', '17319', '982', '14031', '3534', '900', '535', '978', '7701', '202']","['9945', '312', '11695', '8981', '157', '239', '543', '123', '7141', '67']",
"171","['1549', '305', '1441', '2171', '481', '123', '2892', '12148', '888', '5909']","['421', '2453', '1034', '60', '3324', '598', '1354', '50', '93', '1308']",
"172","['265', '3451', '1431', '2133', '796', '3864', '78', '1808', '61177', '94']","['21847', '94', '188', '52', '265', '89', '2133', '90', '115', '177']",
"173","['11141', '144', '817', '61', '1310', '1518', '53', '2066', '967', '1624']","['7108', '460', '1165', '979', '1679', '445', '1283', '1383', '2533', '1451']",
"174","['10047', '1050', '7796', '1339', '53', '125', '2058', '63', '4674', '105']","['523', '4787', '562', '112', '108', '24428', '2635', '581', '10047', '331']",
"175","['468', '177', '1695', '3018', '61', '489', '152', '736', '81', '6656']","['53', '715', '892', '5084', '63', '103', '354', '59', '124', '3018']",
"176","['537', '124', '150', '243', '5781', '434', '82', '80', '73', '84']","['5781', '5662', '2106', '1915', '2938', '3004', '383', '195', '60', '457']",
"177","['298', '88', '146', '79', '257', '55', '55', '133', '2193', '55']","['105', '145', '57', '71', '176', '158', '254', '298', '254', '1008']",
"178","['51', '186', '622', '779', '2303', '74', '68', '3819', '64', '903']","['831', '191', '62', '176', '134', '50', '175', '1824', '191', '85']",
"179","['928', '8361', '1532', '144', '3004', '1339', '1094', '5781', '752', '4287']","['15333', '94', '105', '92', '57', '128', '87', '5781', '164', '79']",
"180","['456', '78', '757', '59', '57', '65', '65', '66', '123', '91']","['116', '1838', '1479', '1383', '3310', '63', '62', '258', '76', '236']",
"181","['166', '402', '245', '89', '93', '1077', '653', '167', '900', '338']","['538', '72', '57', '90', '124', '171', '128', '200', '927', '572']",
"182","['6147', '1832', '509', '863', '1356', '784', '2904', '1577', '1809', '2243']","['211', '2603', '2533', '277', '57', '78', '6147', '322', '3726', '1832']",
"183","['133', '74', '56', '28974', '121', '71', '50', '60', '7074', '1720']","['313', '57', '1379', '130', '639', '226', '136', '99', '104', '258']",
"184","['4055', '61', '3273', '1143', '82', '557', '896', '190', '952', '2466']","['125', '6405', '2487', '924', '811', '1037', '737', '70', '147', '1212']",
"185","['913', '71', '1146', '206', '71', '1590', '63', '260', '58', '133']","['1990', '410', '1124', '70', '1097', '95', '71', '2533', '1265', '70']",
"186","['8321', '118', '55', '136', '376', '59', '65', '289', '60', '295']","['254', '144', '51', '351', '377', '473', '140', '752', '61', '8321']",
"187","['2629', '2193', '394', '11328', '815', '3933', '657', '1118', '242', '3365']","['56', '73', '58', '482', '50', '58', '63', '67', '1227', '6308']",
"188","['696', '226', '4718', '308', '641', '305', '1166', '339', '1565', '104']","['327', '591', '2382', '96', '627', '594', '13723', '3476', '151', '15333']",
"189","['97', '2826', '461', '611', '65', '55', '1677', '356', '61', '189']","['104', '2826', '273', '78', '193', '128', '141', '71', '589', '56']",
"190","['2440', '558', '16897', '213', '127', '69', '50', '1377', '1990', '1324']","['51', '62', '818', '1159', '64', '52', '3364', '95', '168', '64']",
"191","['3510', '57', '601', '50', '68', '71', '1561', '61', '55', '486']","['486', '3510', '2652', '437', '3826', '409', '173', '327', '781', '199']",
"192","['1573', '6336', '400', '490', '1567', '10856', '358', '2008', '400', '56']","['141', '110', '58', '56', '92', '2453', '154', '1034', '88', '52']",
"193","['73', '4778', '104', '2826', '54', '69', '1147', '1857', '624', '3400']","['50', '96', '62', '338', '65', '57', '60', '82', '61', '64']",
"194","['89', '241', '2826', '64', '64', '350', '96', '1604', '131', '461']","['205', '2141', '1234', '71', '939', '74', '75', '626', '57', '66']",
"195","['9385', '3377', '55', '108', '512', '3940', '631', '1200', '3728', '95']","['773', '112', '896', '605', '262', '114', '1093', '286', '284', '92']",
"196","['3286', '24982', '10451', '75916', '516', '7198', '25110', '9410', '994', '3696']","['269', '2323', '292', '151', '129', '113', '2501', '4149', '5092', '456']",
"197","['226', '109', '149', '1226', '2723', '185', '238', '3364', '5708', '513']","['1159', '61', '818', '7540', '13723', '15333', '51', '78', '105', '56']",
"198","['1519', '2440', '373', '589', '67', '412', '1840', '61', '551', '57']","['1990', '345', '921', '50', '3588', '1144', '72', '114', '896', '99']",
"199","['59', '1244', '554', '338', '216', '895', '114', '66', '357', '71']","['138', '534', '153', '68', '134', '197', '112', '51', '721', '178']",
"200","['8089', '82', '60', '51', '138', '167', '1441', '85', '64', '64']","['50', '94', '2247', '70', '71', '60', '207', '73', '65', '74']",
"201","['2193', '3933', '239', '1569', '11328', '2911', '323', '5619', '13495', '26411']","['185', '2453', '1251', '1308', '876', '382', '203', '76', '1569', '535']",
"202","['310', '2359', '337', '469', '405', '8581', '1624', '147', '359', '234']","['75', '1756', '96', '1561', '36350', '811', '904', '13723', '356', '240']",
"203","['589', '373', '586', '276', '436', '885', '733', '2440', '81', '77']","['57', '66', '123', '60', '117', '59', '258', '50', '334', '83']",
"204","['1416', '422', '55', '119', '1500', '61', '4437', '6814', '74', '84']","['1249', '6226', '1107', '1542', '1416', '3747', '154', '4116', '717', '3728']",
"205","['102', '2193', '10856', '58', '1567', '11328', '61', '81', '50', '154']","['111', '55', '269', '78', '50', '67', '87', '50', '745', '71']",
"206","['455', '967', '363', '87', '1246', '1489', '5287', '2171', '3706', '2460']","['96', '591', '383', '2268', '67', '63', '603', '76', '143', '1097']",
"207","['304', '900', '63', '268', '36350', '7159', '1283', '1395', '278886', '65']","['900', '36350', '13723', '1395', '7159', '439', '63', '15333', '91', '2387']",
"208","['12969', '119', '714', '57', '53', '3771', '12796', '1655', '827', '2316']","['7039', '13723', '107', '96', '125', '587', '351', '60', '460', '54']",
"209","['144', '365', '171', '10856', '51', '117', '164', '183', '154', '164']","['7627', '1088', '2427', '100', '73', '79', '85', '50', '87', '120']",
"210","['1482', '4141', '1300', '113', '3005', '286', '1697', '1226', '7165', '1161']","['50', '198', '61', '130', '73', '227', '67', '57', '50', '58']",
"211","['3665', '6336', '56', '6480', '400', '1567', '1071', '243', '12626', '490']","['603', '58', '1573', '58608', '57', '57', '68', '69', '100', '423']",
"212","['1820', '1404', '2008', '3777', '628', '167', '643', '120', '95', '245']","['1221', '942', '435', '74', '586', '494', '927', '921', '628', '126']",
"213","['1709', '4566', '910', '838', '797', '730', '1529', '892', '22943', '8706']","['591', '15333', '13723', '2268', '1907', '402', '1450', '3147', '1097', '2382']",
"214","['1386', '1026', '6336', '17209', '1573', '117', '1567', '6656', '208', '3933']","['144', '460', '52', '50', '62', '127', '63', '3978', '439', '59']",
"215","['2041', '687', '1263', '375', '1306', '88', '78', '222', '1605', '6031']","['68', '52', '83', '58', '237', '106', '90', '109', '345', '73']",
